{
  "accuracy": 0.7608718994953291,
  "precision": 0.14184782608695654,
  "recall": 0.2871287128712871,
  "f1": 0.1898872317206257,
  "roc_auc": 0.5542050278326263
}