{
  "accuracy": 0.9448083324385268,
  "precision": 0.6965174129353234,
  "recall": 0.77007700770077,
  "f1": 0.7314524555903866,
  "roc_auc": 0.9618378068173309
}