{
  "model_type": "GAT_Baseline",
  "training_time": 316.65746879577637,
  "best_epoch": 170,
  "performance": {
    "train": {
      "accuracy": 0.9653876440690099,
      "precision": 0.8703703703703703,
      "recall": 0.7583425009167584,
      "f1": 0.8105036253184401,
      "roc_auc": 0.9750201151565714
    },
    "val": {
      "accuracy": 0.9618812412756362,
      "precision": 0.8597402597402597,
      "recall": 0.7282728272827282,
      "f1": 0.7885646217986897,
      "roc_auc": 0.9702387123529107
    },
    "test": {
      "accuracy": 0.9628476323418876,
      "precision": 0.8660598179453837,
      "recall": 0.7326732673267327,
      "f1": 0.7938021454112039,
      "roc_auc": 0.9698191023290812
    }
  }
}