{
  "input_dim": 182,
  "use_angle_encoding": true,
  "use_interactions": false,
  "use_fourier": false,
  "max_output_dim": 256,
  "output_dim": 546,
  "output_dim_capped": 256,
  "_feature_mean": [
    -0.05521038919687271,
    0.1578340232372284,
    0.14448094367980957,
    0.1695103794336319,
    0.02439347840845585,
    0.18269510567188263,
    -0.015650901943445206,
    -0.07757052034139633,
    -0.06149894744157791,
    0.09283396601676941,
    -0.07303816825151443,
    -0.18941466510295868,
    -0.1625571995973587,
    0.0266314297914505,
    -0.01308502908796072,
    0.04809527099132538,
    -0.05949106067419052,
    -0.08951547741889954,
    -0.0863480344414711,
    -0.23256686329841614,
    -0.2276087999343872,
    0.36491602659225464,
    0.4342253506183624,
    0.26874399185180664,
    0.433836430311203,
    -0.14765802025794983,
    -0.14091163873672485,
    0.36491262912750244,
    0.4342096745967865,
    0.268743097782135,
    0.43383359909057617,
    -0.14782841503620148,
    -0.1410699039697647,
    0.07419513911008835,
    0.09599878638982773,
    0.07088407874107361,
    0.07734797149896622,
    -0.001838508527725935,
    -0.0033759360667318106,
    0.28116005659103394,
    0.3494375944137573,
    0.2512212097644806,
    0.31662631034851074,
    -0.09880669414997101,
    -0.11385928839445114,
    0.27690786123275757,
    0.3410626947879791,
    0.3283308446407318,
    0.3084683418273926,
    -0.09611887484788895,
    -0.11053036153316498,
    0.5418195128440857,
    0.866062343120575,
    0.6729711294174194,
    0.7190084457397461,
    0.03445170074701309,
    0.025577405467629433,
    0.10437073558568954,
    0.5115601420402527,
    0.48106563091278076,
    0.467980295419693,
    -0.01297674048691988,
    -0.01078771986067295,
    0.10437126457691193,
    0.5115267038345337,
    0.4810318946838379,
    0.4679650664329529,
    -0.01335124671459198,
    -0.011259875260293484,
    0.0139949731528759,
    0.08829578012228012,
    0.05000597611069679,
    0.03815026208758354,
    0.17391033470630646,
    0.17214009165763855,
    0.007381823379546404,
    0.3911101222038269,
    0.3721361756324768,
    0.35676470398902893,
    0.06447757035493851,
    0.05982758104801178,
    0.07779843360185623,
    0.3892372250556946,
    0.3650781512260437,
    0.36414217948913574,
    0.055537499487400055,
    0.051233433187007904,
    0.10998786985874176,
    0.39653685688972473,
    0.38900530338287354,
    0.35615119338035583,
    0.22986693680286407,
    0.23140721023082733,
    0.036581121385097504,
    0.15489675104618073,
    0.21137796342372894,
    0.08020833879709244,
    -0.09380733221769333,
    -0.08867526054382324,
    0.03121587447822094,
    0.050532661378383636,
    0.10871230065822601,
    0.04584663361310959,
    -0.07363380491733551,
    -0.0789850503206253,
    0.24590688943862915,
    0.3630605638027191,
    0.23961175978183746,
    0.2965777814388275,
    0.013530377298593521,
    0.013605807907879353,
    -0.00877082347869873,
    0.27755507826805115,
    0.44230329990386963,
    0.14413779973983765,
    0.019942868500947952,
    0.020080944523215294,
    0.06049371883273125,
    0.18978890776634216,
    0.1683613657951355,
    0.10049137473106384,
    0.04144008085131645,
    0.04584970697760582,
    0.2532118260860443,
    0.37081021070480347,
    0.252921462059021,
    0.3305758237838745,
    -0.007421295158565044,
    -0.006995410658419132,
    -0.01895659975707531,
    0.045690182596445084,
    0.028868431225419044,
    0.011106567457318306,
    -0.09216321259737015,
    -0.09078484773635864,
    0.04443268105387688,
    0.05029325932264328,
    0.03018418699502945,
    0.050186097621917725,
    0.11336609721183777,
    0.11630035191774368,
    -0.028888454660773277,
    0.062063395977020264,
    0.04155471548438072,
    0.018058257177472115,
    0.01925014518201351,
    0.021058769896626472,
    0.0896887481212616,
    0.059739645570516586,
    -0.07348689436912537,
    0.09352722764015198,
    0.03923642262816429,
    0.03899871185421944,
    0.04083145409822464,
    -0.010935627855360508,
    -0.05058709532022476,
    -0.015934646129608154,
    0.0835399404168129,
    0.08348824083805084,
    -0.008138613775372505,
    0.057127974927425385,
    0.07891203463077545,
    0.048829272389411926,
    -0.040878184139728546,
    -0.04128207266330719,
    0.1805940866470337,
    -0.009346112608909607,
    -0.054220788180828094,
    0.1570320576429367,
    0.14145120978355408,
    0.16964949667453766,
    0.024705834686756134,
    -0.07659263908863068,
    -0.0605187863111496,
    -0.07205600291490555,
    -0.07299072295427322,
    -0.05421692878007889,
    0.04819336533546448,
    -0.058491259813308716,
    -0.08529644459486008,
    -0.08949600160121918,
    -0.054220788180828094
  ],