{
  "model": "quantum_gat",
  "timestamp": "2026-02-15T19:48:06.247696",
  "training_time_seconds": 41.550817,
  "best_epoch": 4,
  "hyperparameters": {
    "hidden_channels": 64,
    "num_heads": 4,
    "num_layers": 2,
    "dropout": 0.3,
    "learning_rate": 0.001,
    "weight_decay": 0.0005,
    "epochs": 19,
    "patience": 15,
    "quantum_mapper": {
      "use_angle_encoding": true,
      "use_interactions": true,
      "use_fourier": true,
      "max_output_dim": 128
    },
    "input_features": 182,
    "expanded_features": 128
  },
  "training_history": {
    "train_loss": [
      0.7080585956573486,
      0.6604786515235901,
      0.6345498561859131,
      0.6152306199073792,
      0.5930700302124023,
      0.5761662721633911,
      0.5572639107704163,
      0.54620760679245,
      0.5331553220748901,
      0.5265214443206787,
      0.5177062749862671,
      0.5107306838035583,
      0.5023108720779419,
      0.49468186497688293,
      0.4939253032207489,
      0.4895419478416443,
      0.4840756356716156,
      0.48368242383003235,
      0.4802516996860504
    ],
    "val_loss": [
      0.6494250893592834,
      0.6246997714042664,
      0.6024566888809204,
      0.5801277756690979,
      0.5593645572662354,
      0.5417922139167786,
      0.5280875563621521,
      0.5170642137527466,
      0.5068457126617432,
      0.4967122972011566,
      0.48709219694137573,
      0.4786107540130615,
      0.4715253412723541,
      0.468382865190506,
      0.4652459919452667,
      0.46209290623664856,
      0.4588724970817566,
      0.4555942118167877,
      0.4523094594478607
    ],
    "train_f1_macro": [
      0.4372715874388871,
      0.5272620672463099,
      0.5712446798814406,
      0.6068886079660172,
      0.6169736535366845,
      0.6143507700575733,
      0.607814683783184,
      0.5947802444301269,
      0.5858705563954296,
      0.5836581152088122,
      0.5865867031385952,
      0.5963006986562833,
      0.6051775898384535,
      0.616476698691383,
      0.618327489169263,
      0.6185252186310989,
      0.6226680058093046,
      0.6209850466929723,
      0.6219560109971338
    ],
    "val_f1_macro": [
      0.49021996461665784,
      0.527723247728626,
      0.6211528899310659,
      0.6714297086451202,
      0.6603268312150864,
      0.6426482074513786,
      0.6327485839497121,
      0.6257158255073689,
      0.6242377694578414,
      0.6297857062599811,
      0.6383492517155119,
      0.6484660227160964,
      0.6588176209867782,
      0.6630654289436632,
      0.6651612985023767,
      0.667066059195561,
      0.66778172363498,
      0.6671598035255768,
      0.6675945473812603
    ],
    "train_f1_micro": [
      0.6427563355218752,
      0.8115297293980487,
      0.8388046879793827,
      0.834877584831564,
      0.8162852058661103,
      0.7902067865251273,
      0.7624102595569737,
      0.7329263054549917,
      0.7101306989016384,
      0.7049150150334418,
      0.7104375038350617,
      0.7218813278517519,
      0.7328956249616494,
      0.7488801619930049,
      0.7533595140209854,
      0.7532367920476162,
      0.756550285328588,
      0.7557832729950298,
      0.7565196048352457
    ],
    "val_f1_micro": [
      0.8913385826771654,
      0.8992125984251969,
      0.894201861130995,
      0.8808876163206872,
      0.850536864710093,
      0.8124552612741589,
      0.7826771653543307,
      0.7614889047959914,
      0.7560486757337151,
      0.7624910522548318,
      0.7733715103793843,
      0.7872584108804581,
      0.7998568360773085,
      0.8051539012168933,
      0.8073013600572656,
      0.8090193271295634,
      0.8093056549749463,
      0.808017179670723,
      0.8075876879026486
    ],
    "train_acc": [
      0.6427563355218752,
      0.8115297293980487,
      0.8388046879793827,
      0.834877584831564,
      0.8162852058661103,
      0.7902067865251273,
      0.7624102595569737,
      0.7329263054549917,
      0.7101306989016384,
      0.7049150150334418,
      0.7104375038350617,
      0.7218813278517519,
      0.7328956249616494,
      0.7488801619930049,
      0.7533595140209854,
      0.7532367920476162,
      0.756550285328588,
      0.7557832729950298,
      0.7565196048352457
    ],
    "val_acc": [
      0.8913385826771654,
      0.8992125984251969,
      0.894201861130995,
      0.8808876163206872,
      0.850536864710093,
      0.8124552612741589,
      0.7826771653543307,
      0.7614889047959914,
      0.7560486757337151,
      0.7624910522548318,
      0.7733715103793843,
      0.7872584108804581,
      0.7998568360773085,
      0.8051539012168933,
      0.8073013600572656,
      0.8090193271295634,
      0.8093056549749463,
      0.808017179670723,
      0.8075876879026486
    ]
  },
  "test_metrics": {
    "accuracy": 0.8830350751610594,
    "f1_macro": 0.6811671424231966,
    "f1_micro": 0.8830350751610594,
    "precision_macro": 0.6744896532438479,
    "recall_macro": 0.6887030241615616,
    "roc_auc_ovr": -1.0,
    "confusion_matrix": [
      [
        5863,
        440
      ],
      [
        377,
        305
      ]
    ],
    "classification_report": "              precision    recall  f1-score   support\n\n           0     0.9396    0.9302    0.9349      6303\n           1     0.4094    0.4472    0.4275       682\n\n    accuracy                         0.8830      6985\n   macro avg     0.6745    0.6887    0.6812      6985\nweighted avg     0.8878    0.8830    0.8853      6985\n"
  }
}