{
  "model": "quantum_gat_optimized",
  "timestamp": "2026-02-15T20:18:48.814379",
  "strategy": "Angle encoding only + larger model + aggressive training",
  "training_time_seconds": 750.192867,
  "test_metrics": {
    "accuracy": 0.9413027916964924,
    "f1_macro": 0.8289555036449198,
    "f1_micro": 0.9413027916964924,
    "precision_macro": 0.8381829160901978,
    "recall_macro": 0.8203684369450287,
    "confusion_matrix": [
      [
        6118,
        185
      ],
      [
        225,
        457
      ]
    ]
  },
  "hyperparameters": {
    "hidden_channels": 96,
    "num_heads": 6,
    "num_layers": 3,
    "dropout": 0.2,
    "out_channels": 2
  },
  "training_history": {
    "train_f1_macro": [
      0.41684430889240537,
      0.18607187937627223,
      0.5993680529121155,
      0.5967111694014801,
      0.6633796904693697,
      0.2514369852075264,
      0.23076058188081233,
      0.31014777170075647,
      0.7067907931261782,
      0.6785469800975082,
      0.7545929843312085,
      0.5286545252205487,
      0.5046967315209303,
      0.6296190657593967,
      0.7713366338163464,
      0.7382282925517565,
      0.7794033903641321,
      0.688631274823726,
      0.559756237952904,
      0.5580500722706615,
      0.6689021060465212,
      0.8104464482644537,
      0.7932112835657945,
      0.8115443791537946,
      0.7035017815152211,
      0.5852923668766501,
      0.5837601663758145,
      0.6854402839747139,
      0.8118265242799125,
      0.8227859720996964,
      0.7978589050497564,
      0.6679429405886133,
      0.6359028560506593,
      0.6906825756853501,
      0.7925676354695408,
      0.8040653235815513,
      0.7424585696429038,
      0.666104707209322,
      0.6833010863249097,
      0.7783047648614649,
      0.8030420002531087,
      0.7580392264759512,
      0.688484911315559,
      0.7083148099117519,
      0.7690840534396823,
      0.8023791584325981,
      0.779280554122339,
      0.7153412191100309,
      0.6985552103960149,
      0.7392263545198555,
      0.7786128781718997,
      0.7787028810220918,
      0.7343975025893588,
      0.7098898389484862
    ],
    "val_f1_macro": [
      0.18836539478695968,
      0.6122014570795058,
      0.5974867129544982,
      0.6763538348444009,
      0.25335612718475364,
      0.23439995248682627,
      0.31594039051554557,
      0.7189708507319847,
      0.6721195918695657,
      0.7625989502667354,
      0.5284517575522277,
      0.5032517320960661,
      0.6305037073561263,
      0.7691617243130282,
      0.7192135388518418,
      0.7776895971515883,
      0.6942193547607978,
      0.5601524516485081,
      0.5589239892307074,
      0.6764687891295526,
      0.8058323480589664,
      0.7807709478670861,
      0.8095686071609924,
      0.7067314057628074,
      0.5894869348807884,
      0.588006215686558,
      0.6932061940246941,
      0.8135905351925906,
      0.8186469713370981,
      0.8044144954640737,
      0.6766218288838238,
      0.6423426566402286,
      0.6961872427415584,
      0.7954996099823624,
      0.8081448110415304,
      0.7507874596392403,
      0.6721586689416336,
      0.6861295866150058,
      0.7790357351070358,
      0.8129260097289099,
      0.7621018720253268,
      0.6992918958523529,
      0.713769146938596,
      0.7721418103252904,
      0.8097835218917413,
      0.7839699937291416,
      0.7337608357896876,
      0.720651534449164,
      0.7525853982014621,
      0.800196966992959,
      0.7984805191214017,
      0.7540030991735538,
      0.7321436815313449,
      0.7618017418113563
    ],
    "epochs_trained": 54
  }
}